IRMS_d13C_Collagen,d15N_Collagen,Latitude_N,Longitude_E,Chronological_Period_clean,Mediterranean_Basin
-21.9,7.9,43.38296,5.164636,Late_Neolithic,Western_Med
-24.0,5.91,35.2994728,25.1616528,Late_Neolithic,Eastern_Med
-21.7,2.2,41.8857261,12.7156425,Late_Iron_Age,Central_Med
-24.1,0.9,43.894131,5.114862,Late_Neolithic,Western_Med
-24.1,8.4,40.640317,22.935272,Middle_Late_Bronze_Age,Central_Med
-23.31,5.63,36.240491,36.382199,Middle_Late_Bronze_Age,Eastern_Med
-23.8,0.8,41.8857261,12.7156425,Late_Iron_Age,Central_Med
-24.5,2.01,36.683333,39.933333,Other,Eastern_Med
-24.01,2.33,36.240491,36.382199,Middle_Late_Bronze_Age,Eastern_Med
-23.23,5.87,37.759269,-1.559711,Middle_Late_Bronze_Age,Western_Med
-24.6,1.4,40.418397,22.591694,Late_Neolithic,Central_Med
0.63,0.24,35.29848,25.159555,Neolithic,Eastern_Med
-22.71,1.69,38.285047,26.702271,Chalcolithic,Eastern_Med
-23.1,2.8,41.8857261,12.7156425,Late_Iron_Age,Central_Med
-24.1,2.3,41.8857261,12.7156425,Late_Iron_Age,Central_Med
-24.9,-1.0,41.8857261,12.7156425,Late_Iron_Age,Central_Med
-24.3,1.2,41.8857261,12.7156425,Late_Iron_Age,Central_Med
-23.43,3.41,37.759269,-1.559711,Middle_Late_Bronze_Age,Western_Med
-24.74,2.9,38.6582027,23.1895369,Late_Neolithic,Eastern_Med
-24.7,4.3,40.640317,22.935272,Middle_Late_Bronze_Age,Central_Med
-21.6,7.7,42.542984,-2.580537,Late_Iron_Age,Western_Med
-24.06,4.4,37.759269,-1.559711,Middle_Late_Bronze_Age,Western_Med
-24.3,0.1,37.062972,22.420611,Late_Neolithic,Central_Med
-24.2,2.5,40.706147,22.541419,Middle_Late_Bronze_Age,Central_Med
-26.4,2.4,40.640317,22.935272,Middle_Late_Bronze_Age,Central_Med
-23.2,4.5,41.8857261,12.7156425,Late_Iron_Age,Central_Med
-24.9,3.2,35.2994728,25.1616528,Early_Iron_Age,Eastern_Med
-24.3,-0.8,41.8857261,12.7156425,Late_Iron_Age,Central_Med
0.62,0.08,35.29848,25.159555,Early_Iron_Age,Eastern_Med
-23.87,-3.0,38.6582027,23.1895369,Late_Neolithic,Eastern_Med
-22.7,8.41,35.2994728,25.1616528,Late_Neolithic,Eastern_Med
-24.2,1.0,41.8857261,12.7156425,Late_Iron_Age,Central_Med
-22.2,-1.0,41.8857261,12.7156425,Late_Iron_Age,Central_Med
-23.8,5.8,35.2994728,25.1616528,Early_Iron_Age,Eastern_Med
-24.6,-2.4,37.062972,22.420611,Late_Neolithic,Central_Med
-24.2,2.9,41.8857261,12.7156425,Late_Iron_Age,Central_Med
-22.9,3.5,41.496667,13.489629,Early_Bronze_Age,Central_Med
-22.58,1.45,36.240491,36.382199,Middle_Late_Bronze_Age,Eastern_Med
-21.71,8.0,35.798885,36.798413,Early_Bronze_Age,Eastern_Med
-24.2,-0.1,41.8857261,12.7156425,Late_Iron_Age,Central_Med
-23.1,5.9,40.706147,22.541419,Middle_Late_Bronze_Age,Central_Med
-21.7,6.59,37.759269,-1.559711,Middle_Late_Bronze_Age,Western_Med
-24.3,2.3,43.568093,3.90337,Late_Iron_Age,Western_Med
-22.6,5.7,43.568083,3.90336,Late_Iron_Age,Western_Med
-25.9,1.6,37.062972,22.420611,Late_Neolithic,Central_Med
-26.3,15.4,29.24,-9.19,Other,Western_Med
-23.64,4.17,38.285047,26.702271,Chalcolithic,Eastern_Med
-10.3,12.3,40.640317,22.935272,Middle_Late_Bronze_Age,Central_Med
-25.53,-1.3,35.1,38.9,Other,Eastern_Med
-23.8,-0.6,41.8857261,12.7156425,Late_Iron_Age,Central_Med
-23.2,1.4,41.8857261,12.7156425,Late_Iron_Age,Central_Med
-22.3,1.2,41.8857261,12.7156425,Late_Iron_Age,Central_Med
-20.95,0.86,38.285047,26.702271,Chalcolithic,Eastern_Med
-22.4,4.0,43.894131,5.114862,Late_Neolithic,Western_Med
-23.3,2.1,40.706147,22.541419,Middle_Late_Bronze_Age,Central_Med
-25.4,0.3,40.706147,22.541419,Middle_Late_Bronze_Age,Central_Med
-22.69,6.19,35.2994728,25.1616528,Neolithic,Eastern_Med
-24.77,1.0,38.6582027,23.1895369,Late_Neolithic,Eastern_Med
-24.68,2.64,35.2994728,25.1616528,Late_Neolithic,Eastern_Med
-24.5,-1.1,41.8857261,12.7156425,Late_Iron_Age,Central_Med
-22.95,3.44,35.798885,36.798413,Early_Bronze_Age,Eastern_Med
-22.4,5.4,37.062972,22.420611,Late_Neolithic,Central_Med
-23.7,3.2,41.8857261,12.7156425,Late_Iron_Age,Central_Med
-24.1,2.69,38.285047,26.702271,Chalcolithic,Eastern_Med
-23.8,3.1,40.706147,22.541419,Middle_Late_Bronze_Age,Central_Med
-22.9,3.2,41.8857261,12.7156425,Late_Iron_Age,Central_Med
-26.8,1.0,38.6582027,23.1895369,Late_Neolithic,Eastern_Med
-25.0,5.0,35.2994728,25.1616528,Early_Iron_Age,Eastern_Med
-26.3,-0.3,,,Other,unknown
-26.11,-2.2,38.6582027,23.1895369,Late_Neolithic,Eastern_Med
-23.7,4.6,34.990897,32.905029,Neolithic,Eastern_Med
-22.1,3.1,40.640317,22.935272,Middle_Late_Bronze_Age,Central_Med
-23.1,1.8,41.8857261,12.7156425,Late_Iron_Age,Central_Med
-22.49,6.94,37.759269,-1.559711,Middle_Late_Bronze_Age,Western_Med
-22.84,0.8,38.6582027,23.1895369,Late_Neolithic,Eastern_Med
-24.7,0.6,41.8857261,12.7156425,Late_Iron_Age,Central_Med
-24.63,2.6,38.6582027,23.1895369,Late_Neolithic,Eastern_Med
-24.0,2.8,41.8857261,12.7156425,Late_Iron_Age,Central_Med
-23.5,3.9,41.8857261,12.7156425,Late_Iron_Age,Central_Med
-24.7,2.0,40.418397,22.591694,Late_Neolithic,Central_Med
-25.43,2.75,35.026578,33.249228,Other,Eastern_Med
-26.5,1.23,33.654167,36.836111,Other,Eastern_Med
-23.0,8.1,43.568077,3.903354,Late_Iron_Age,Western_Med
-26.06,0.7,38.6582027,23.1895369,Late_Neolithic,Eastern_Med
-20.4,6.4,37.611667,14.226111,Middle_Late_Bronze_Age,Central_Med
-22.36,5.09,37.15237,-1.894537,Middle_Late_Bronze_Age,Western_Med
-24.3,0.7,41.8857261,12.7156425,Late_Iron_Age,Central_Med
-24.2,1.4,43.56809,3.903367,Late_Iron_Age,Western_Med
-24.1,-0.6,41.8857261,12.7156425,Late_Iron_Age,Central_Med
-22.84,5.67,37.759269,-1.559711,Middle_Late_Bronze_Age,Western_Med
-26.4,0.08,35.625,38.755556,Other,Eastern_Med
-22.36,6.14,37.759269,-1.559711,Middle_Late_Bronze_Age,Western_Med
-23.78,4.24,37.759269,-1.559711,Middle_Late_Bronze_Age,Western_Med
-23.8,-1.6,34.990897,32.905029,Neolithic,Eastern_Med
-21.9,7.2,42.542984,-2.580537,Late_Iron_Age,Western_Med
-24.9,3.4,41.8857261,12.7156425,Late_Iron_Age,Central_Med
-23.3,1.0,41.8857261,12.7156425,Late_Iron_Age,Central_Med
-22.8,1.2,41.8857261,12.7156425,Late_Iron_Age,Central_Med
-22.6,2.7,41.8857261,12.7156425,Late_Iron_Age,Central_Med
-10.9,8.7,43.568087,3.903364,Late_Iron_Age,Western_Med
-23.4,5.8,41.8857261,12.7156425,Late_Iron_Age,Central_Med
-21.72,2.73,36.240491,36.382199,Middle_Late_Bronze_Age,Eastern_Med
-20.2,4.6,37.062972,22.420611,Late_Neolithic,Central_Med
-23.94,2.7,36.240491,36.382199,Middle_Late_Bronze_Age,Eastern_Med
-25.01,-2.9,38.6582027,23.1895369,Late_Neolithic,Eastern_Med
-24.4,2.6,41.8857261,12.7156425,Late_Iron_Age,Central_Med
-24.23,2.16,38.123229,27.147217,Chalcolithic,Eastern_Med
-23.3,1.8,35.2994728,25.1616528,Neolithic,Eastern_Med
-22.78,-0.92,34.979914,33.202758,Other,Eastern_Med
-23.66,4.46,35.2994728,25.1616528,Late_Neolithic,Eastern_Med
-25.02,-0.8,38.6582027,23.1895369,Late_Neolithic,Eastern_Med
-24.6,2.6,40.640317,22.935272,Middle_Late_Bronze_Age,Central_Med
-21.92,2.9,36.240491,36.382199,Middle_Late_Bronze_Age,Eastern_Med
-25.1,1.3,37.062972,22.420611,Late_Neolithic,Central_Med
-23.1,2.4,40.706147,22.541419,Middle_Late_Bronze_Age,Central_Med
-22.8,1.0,41.8857261,12.7156425,Late_Iron_Age,Central_Med
-23.3,2.0,40.706147,22.541419,Middle_Late_Bronze_Age,Central_Med
-22.3,8.3,29.32,-9.44,Other,Western_Med
-22.7,2.4,40.706147,22.541419,Middle_Late_Bronze_Age,Central_Med
-23.2,1.3,41.8857261,12.7156425,Late_Iron_Age,Central_Med
-22.3,2.6,41.8857261,12.7156425,Late_Iron_Age,Central_Med
-24.08,4.38,36.240491,36.382199,Middle_Late_Bronze_Age,Eastern_Med
-22.75,3.2,40.418422,22.591694,Late_Neolithic,Central_Med
-23.04,2.72,36.240491,36.382199,Middle_Late_Bronze_Age,Eastern_Med
-22.7,2.2,41.8857261,12.7156425,Late_Iron_Age,Central_Med
-25.7,3.06,34.569444,38.356111,Other,Eastern_Med
-22.3,2.4,36.667179,41.058576,Early_Bronze_Age,Eastern_Med
-22.7,1.6,41.8857261,12.7156425,Late_Iron_Age,Central_Med
-23.2,1.8,40.706147,22.541419,Middle_Late_Bronze_Age,Central_Med
-25.9,1.5,,,Other,unknown
-23.49,2.4,38.6582027,23.1895369,Late_Neolithic,Eastern_Med
-24.2,2.1,41.8857261,12.7156425,Late_Iron_Age,Central_Med
-25.3,-0.4,41.8857261,12.7156425,Late_Iron_Age,Central_Med
-23.5,2.4,41.8857261,12.7156425,Late_Iron_Age,Central_Med
-24.5,3.5,42.542984,-2.580537,Late_Iron_Age,Western_Med
-23.23,1.41,38.285047,26.702271,Chalcolithic,Eastern_Med
-23.3,1.3,41.8857261,12.7156425,Late_Iron_Age,Central_Med
-23.64,3.45,38.285047,26.702271,Chalcolithic,Eastern_Med
-21.7,1.6,37.062972,22.420611,Late_Neolithic,Central_Med
-21.77,3.26,36.240491,36.382199,Middle_Late_Bronze_Age,Eastern_Med
-23.17,4.23,36.240491,36.382199,Middle_Late_Bronze_Age,Eastern_Med
-23.5,4.8,41.8857261,12.7156425,Late_Iron_Age,Central_Med
-22.6,6.1,35.2994728,25.1616528,Neolithic,Eastern_Med
-23.4,1.0,40.706147,22.541419,Middle_Late_Bronze_Age,Central_Med
-21.32,4.62,37.759269,-1.559711,Middle_Late_Bronze_Age,Western_Med
-22.9,1.2,41.8857261,12.7156425,Late_Iron_Age,Central_Med
-23.33,3.15,35.798885,36.798413,Early_Bronze_Age,Eastern_Med
-24.1,4.1,40.706147,22.541419,Middle_Late_Bronze_Age,Central_Med
-24.1,0.1,41.8857261,12.7156425,Late_Iron_Age,Central_Med
0.64,0.08,35.29848,25.159555,Early_Iron_Age,Eastern_Med
-22.8,2.0,41.8857261,12.7156425,Late_Iron_Age,Central_Med
-26.28,4.48,34.569444,38.356111,Other,Eastern_Med
-23.49,2.86,38.285047,26.702271,Chalcolithic,Eastern_Med
-23.89,6.77,37.15237,-1.894537,Middle_Late_Bronze_Age,Western_Med
-23.7,4.5,41.8857261,12.7156425,Late_Iron_Age,Central_Med
-23.4,1.3,41.8857261,12.7156425,Late_Iron_Age,Central_Med
-22.0,3.1,43.446908,5.685143,Chalcolithic,Western_Med
-25.39,-1.62,34.997092,33.211278,Other,Eastern_Med
-22.3,7.4,42.542984,-2.580537,Late_Iron_Age,Western_Med
-23.0,5.0,40.640317,22.935272,Middle_Late_Bronze_Age,Central_Med
-24.6,-2.4,37.062972,22.420611,Late_Neolithic,Central_Med
-26.0,1.6,41.496667,13.489629,Early_Bronze_Age,Central_Med
-23.52,0.37,35.580556,35.816667,Other,Eastern_Med
-23.4,0.1,41.8857261,12.7156425,Late_Iron_Age,Central_Med
-25.8,14.7,29.24,-9.19,Other,Western_Med
-23.0,2.7,41.8857261,12.7156425,Late_Iron_Age,Central_Med
-23.8,-0.8,41.8857261,12.7156425,Late_Iron_Age,Central_Med
-23.31,4.05,37.759269,-1.559711,Middle_Late_Bronze_Age,Western_Med
-21.93,5.95,35.798885,36.798413,Early_Bronze_Age,Eastern_Med
-21.3,8.15,37.15237,-1.894537,Middle_Late_Bronze_Age,Western_Med
-22.64,3.95,36.240491,36.382199,Middle_Late_Bronze_Age,Eastern_Med
-23.7,2.4,41.8857261,12.7156425,Late_Iron_Age,Central_Med
-22.6,6.9,42.542984,-2.580537,Late_Iron_Age,Western_Med
-23.54,3.18,35.2994728,25.1616528,Late_Neolithic,Eastern_Med
-22.28,2.86,36.240491,36.382199,Middle_Late_Bronze_Age,Eastern_Med
-21.98,4.83,38.285047,26.702271,Chalcolithic,Eastern_Med
-24.4,0.3,37.062972,22.420611,Late_Neolithic,Central_Med
-23.1,5.2,40.706147,22.541419,Middle_Late_Bronze_Age,Central_Med
-23.7,-0.1,33.216667,36.416667,Other,Eastern_Med
-25.2,1.6,41.496667,13.489629,Early_Bronze_Age,Central_Med
-23.27,1.37,38.285047,26.702271,Chalcolithic,Eastern_Med
-24.1,-1.3,41.8857261,12.7156425,Late_Iron_Age,Central_Med
-22.5,5.5,36.667179,41.058576,Early_Bronze_Age,Eastern_Med
-24.6,2.1,41.496667,13.489629,Early_Bronze_Age,Central_Med
-23.1,1.6,36.667179,41.058576,Early_Bronze_Age,Eastern_Med
-22.8,0.3,41.8857261,12.7156425,Late_Iron_Age,Central_Med
-24.6,1.2,44.413343,9.162563,Chalcolithic,Western_Med
-23.07,4.79,35.2994728,25.1616528,Late_Neolithic,Eastern_Med
0.64,0.08,35.29848,25.159555,Early_Iron_Age,Eastern_Med
-21.22,2.37,36.240491,36.382199,Middle_Late_Bronze_Age,Eastern_Med
-25.14,-1.1,38.6582027,23.1895369,Late_Neolithic,Eastern_Med
-24.3,1.9,40.640317,22.935272,Middle_Late_Bronze_Age,Central_Med
-23.6,0.2,40.706147,22.541419,Middle_Late_Bronze_Age,Central_Med
-25.88,5.35,35.026578,33.249228,Other,Eastern_Med
-10.6,10.3,42.542984,-2.580537,Late_Iron_Age,Western_Med
-23.5,2.1,41.496667,13.489629,Early_Bronze_Age,Central_Med
-22.4,6.3,42.542984,-2.580537,Late_Iron_Age,Western_Med
-23.2,5.0,41.8857261,12.7156425,Late_Iron_Age,Central_Med
-23.62,1.34,38.285047,26.702271,Chalcolithic,Eastern_Med
-24.0,2.6,41.8857261,12.7156425,Late_Iron_Age,Central_Med
-20.87,7.98,37.759269,-1.559711,Middle_Late_Bronze_Age,Western_Med
-22.3,5.5,37.062972,22.420611,Late_Neolithic,Central_Med
-23.5,5.2,40.706147,22.541419,Middle_Late_Bronze_Age,Central_Med
-23.54,1.3,38.6582027,23.1895369,Late_Neolithic,Eastern_Med
-24.1,0.1,40.418397,22.591694,Late_Neolithic,Central_Med
-23.36,3.95,35.2994728,25.1616528,Late_Neolithic,Eastern_Med
-24.1,-2.4,38.6582027,23.1895369,Late_Neolithic,Eastern_Med
-23.8,3.5,41.8857261,12.7156425,Late_Iron_Age,Central_Med
-23.4,3.3,41.8857261,12.7156425,Late_Iron_Age,Central_Med
-23.5,2.2,40.706147,22.541419,Middle_Late_Bronze_Age,Central_Med
-24.5,3.1,37.062972,22.420611,Late_Neolithic,Central_Med
-22.5,1.0,41.8857261,12.7156425,Late_Iron_Age,Central_Med
-23.7,3.2,41.8857261,12.7156425,Late_Iron_Age,Central_Med
-24.25,0.21,35.9475,39.036111,Other,Eastern_Med
-24.6,6.2,43.568092,3.903369,Late_Iron_Age,Western_Med
-25.0,1.4,41.496667,13.489629,Early_Bronze_Age,Central_Med
-24.7,0.9,41.496667,13.489629,Early_Bronze_Age,Central_Med
-24.5,2.0,41.8857261,12.7156425,Late_Iron_Age,Central_Med
-24.4,0.9,40.418422,22.591694,Late_Neolithic,Central_Med
-22.52,2.93,37.759269,-1.559711,Middle_Late_Bronze_Age,Western_Med
-23.0,4.5,41.8857261,12.7156425,Late_Iron_Age,Central_Med
-22.0,3.5,40.706147,22.541419,Middle_Late_Bronze_Age,Central_Med
-22.84,4.52,35.028639,33.2426969,Middle_Late_Bronze_Age,Eastern_Med
-21.3,0.3,41.8857261,12.7156425,Late_Iron_Age,Central_Med
-25.1,-2.5,37.062972,22.420611,Late_Neolithic,Central_Med
-23.4,1.2,41.8857261,12.7156425,Late_Iron_Age,Central_Med
-22.68,5.22,37.759269,-1.559711,Middle_Late_Bronze_Age,Western_Med
-23.3,2.2,40.706147,22.541419,Middle_Late_Bronze_Age,Central_Med
-22.7,2.5,40.706147,22.541419,Middle_Late_Bronze_Age,Central_Med
-23.6,1.3,41.8857261,12.7156425,Late_Iron_Age,Central_Med
-26.69,-1.79,35.294444,36.791667,Other,Eastern_Med
-24.3,2.7,36.667179,41.058576,Early_Bronze_Age,Eastern_Med
-24.3,-0.7,41.8857261,12.7156425,Late_Iron_Age,Central_Med
-25.0,2.6,41.8857261,12.7156425,Late_Iron_Age,Central_Med
-22.94,4.38,36.240491,36.382199,Middle_Late_Bronze_Age,Eastern_Med
-23.4,5.5,35.2994728,25.1616528,Neolithic,Eastern_Med
-24.37,3.6,38.6582027,23.1895369,Late_Neolithic,Eastern_Med
-23.67,0.0,38.6582027,23.1895369,Late_Neolithic,Eastern_Med
-23.1,3.6,41.8857261,12.7156425,Late_Iron_Age,Central_Med
0.63,0.08,35.29848,25.159555,Early_Iron_Age,Eastern_Med
-21.6,7.3,42.542984,-2.580537,Late_Iron_Age,Western_Med
-23.74,0.53,38.285047,26.702271,Chalcolithic,Eastern_Med
-24.0,3.1,41.8857261,12.7156425,Late_Iron_Age,Central_Med
-26.1,1.7,40.640317,22.935272,Middle_Late_Bronze_Age,Central_Med
-22.5,3.0,41.8857261,12.7156425,Late_Iron_Age,Central_Med
-26.1,0.9,37.062972,22.420611,Late_Neolithic,Central_Med
-24.9,-1.3,41.8857261,12.7156425,Late_Iron_Age,Central_Med
-23.6,0.8,40.706147,22.541419,Middle_Late_Bronze_Age,Central_Med
-24.1,0.1,40.706147,22.541419,Middle_Late_Bronze_Age,Central_Med
-22.9,1.2,40.706147,22.541419,Middle_Late_Bronze_Age,Central_Med
-24.6,0.7,37.062972,22.420611,Late_Neolithic,Central_Med
-23.6,2.3,40.706147,22.541419,Middle_Late_Bronze_Age,Central_Med
-22.92,4.04,38.285047,26.702271,Chalcolithic,Eastern_Med
-24.8,1.6,41.8857261,12.7156425,Late_Iron_Age,Central_Med
-24.4,1.3,41.8857261,12.7156425,Late_Iron_Age,Central_Med
-23.9,1.6,41.8857261,12.7156425,Late_Iron_Age,Central_Med
-24.1,0.03,35.9475,39.036111,Other,Eastern_Med
-23.9,1.7,40.706147,22.541419,Middle_Late_Bronze_Age,Central_Med
-24.44,2.3,38.6582027,23.1895369,Late_Neolithic,Eastern_Med
-22.3,6.1,41.8857261,12.7156425,Late_Iron_Age,Central_Med
-23.9,3.1,40.706147,22.541419,Middle_Late_Bronze_Age,Central_Med
-23.2,10.3,29.38,-9.43,Other,Western_Med
-21.17,5.7,37.759269,-1.559711,Middle_Late_Bronze_Age,Western_Med
-24.0,1.2,41.8857261,12.7156425,Late_Iron_Age,Central_Med
-24.03,1.7,38.6582027,23.1895369,Late_Neolithic,Eastern_Med
-23.07,5.82,36.240491,36.382199,Middle_Late_Bronze_Age,Eastern_Med
-23.96,5.92,37.15237,-1.894537,Middle_Late_Bronze_Age,Western_Med
-23.79,-3.3,38.6582027,23.1895369,Late_Neolithic,Eastern_Med
-22.51,4.01,36.240491,36.382199,Middle_Late_Bronze_Age,Eastern_Med
-24.0,1.4,41.8857261,12.7156425,Late_Iron_Age,Central_Med
-23.3,1.7,41.8857261,12.7156425,Late_Iron_Age,Central_Med
-22.8,5.6,29.32,-9.44,Other,Western_Med
-25.07,2.23,35.2994728,25.1616528,Late_Neolithic,Eastern_Med
-23.1,1.5,41.8857261,12.7156425,Late_Iron_Age,Central_Med
-24.2,6.7,43.568082,3.903359,Late_Iron_Age,Western_Med
-10.3,1.6,40.706147,22.541419,Middle_Late_Bronze_Age,Central_Med
-27.4,-0.3,34.94,-5.58,Other,Western_Med
-22.2,7.3,42.542984,-2.580537,Late_Iron_Age,Western_Med
-21.76,2.55,38.285047,26.702271,Chalcolithic,Eastern_Med
-23.79,1.75,38.123229,27.147217,Chalcolithic,Eastern_Med
-24.46,4.5,38.6582027,23.1895369,Late_Neolithic,Eastern_Med
-21.0,4.94,37.15237,-1.894537,Middle_Late_Bronze_Age,Western_Med
-22.8,1.0,41.8857261,12.7156425,Late_Iron_Age,Central_Med
-23.0,2.5,41.8857261,12.7156425,Late_Iron_Age,Central_Med
-22.5,0.5,37.062972,22.420611,Late_Neolithic,Central_Med
-24.5,0.7,41.8857261,12.7156425,Late_Iron_Age,Central_Med
-21.7,1.6,37.062972,22.420611,Late_Neolithic,Central_Med
-24.6,7.5,43.568086,3.903363,Late_Iron_Age,Western_Med
-24.3,-0.7,41.8857261,12.7156425,Late_Iron_Age,Central_Med
-23.71,5.4,37.759269,-1.559711,Middle_Late_Bronze_Age,Western_Med
-24.0,1.2,41.8857261,12.7156425,Late_Iron_Age,Central_Med
-24.5,1.2,41.8857261,12.7156425,Late_Iron_Age,Central_Med
-24.7,1.02,36.841667,40.072222,Other,Eastern_Med
-25.3,1.3,41.496667,13.489629,Early_Bronze_Age,Central_Med
-24.37,5.57,36.240491,36.382199,Middle_Late_Bronze_Age,Eastern_Med
-22.6,3.1,41.8857261,12.7156425,Late_Iron_Age,Central_Med
-24.5,1.6,41.8857261,12.7156425,Late_Iron_Age,Central_Med
-25.0,2.0,41.496667,13.489629,Early_Bronze_Age,Central_Med
-25.1,0.9,41.8857261,12.7156425,Late_Iron_Age,Central_Med
-23.9,3.3,40.706147,22.541419,Middle_Late_Bronze_Age,Central_Med
-24.2,0.5,41.8857261,12.7156425,Late_Iron_Age,Central_Med
-24.0,3.7,41.8857261,12.7156425,Late_Iron_Age,Central_Med
-26.33,3.64,37.759269,-1.559711,Middle_Late_Bronze_Age,Western_Med
-26.1,1.5,41.496667,13.489629,Early_Bronze_Age,Central_Med
-23.3,5.4,43.568078,3.903355,Late_Iron_Age,Western_Med
-23.9,-0.1,41.8857261,12.7156425,Late_Iron_Age,Central_Med
-24.01,4.0,38.6582027,23.1895369,Late_Neolithic,Eastern_Med
-22.8,1.4,41.8857261,12.7156425,Late_Iron_Age,Central_Med
-23.7,8.5,29.38,-9.43,Other,Western_Med
-23.3,1.9,41.8857261,12.7156425,Late_Iron_Age,Central_Med
-23.82,3.98,37.15237,-1.894537,Middle_Late_Bronze_Age,Western_Med
-22.16,2.42,38.285047,26.702271,Chalcolithic,Eastern_Med
-24.07,4.3,38.6582027,23.1895369,Late_Neolithic,Eastern_Med
0.64,0.08,35.29848,25.159555,Early_Iron_Age,Eastern_Med
-23.4,6.2,43.38296,5.164636,Late_Neolithic,Western_Med
-22.6,1.7,37.062972,22.420611,Late_Neolithic,Central_Med
0.62,0.08,35.29848,25.159555,Early_Iron_Age,Eastern_Med
-21.29,5.71,35.028639,33.2426969,Middle_Late_Bronze_Age,Eastern_Med
-23.7,8.4,41.8857261,12.7156425,Late_Iron_Age,Central_Med
-23.86,3.37,36.240491,36.382199,Middle_Late_Bronze_Age,Eastern_Med
-23.26,6.19,37.759269,-1.559711,Middle_Late_Bronze_Age,Western_Med
-24.3,7.2,40.706147,22.541419,Middle_Late_Bronze_Age,Central_Med
-21.93,-0.39,37.759269,-1.559711,Middle_Late_Bronze_Age,Western_Med
-23.98,-2.4,38.6582027,23.1895369,Late_Neolithic,Eastern_Med
-23.59,3.29,35.2994728,25.1616528,Neolithic,Eastern_Med
-25.74,-2.4,38.6582027,23.1895369,Late_Neolithic,Eastern_Med
-23.43,-0.4,38.6582027,23.1895369,Late_Neolithic,Eastern_Med
-21.32,2.04,38.285047,26.702271,Chalcolithic,Eastern_Med
-22.7,0.3,41.8857261,12.7156425,Late_Iron_Age,Central_Med
-22.8,2.71,38.285047,26.702271,Chalcolithic,Eastern_Med
-22.04,5.68,37.759269,-1.559711,Middle_Late_Bronze_Age,Western_Med
-24.98,7.0,38.6582027,23.1895369,Late_Neolithic,Eastern_Med
-23.9,2.3,40.706147,22.541419,Middle_Late_Bronze_Age,Central_Med
-22.96,1.41,38.285047,26.702271,Chalcolithic,Eastern_Med
-25.1,-2.5,37.062972,22.420611,Late_Neolithic,Central_Med
-21.42,7.93,37.759269,-1.559711,Middle_Late_Bronze_Age,Western_Med
-23.6,-1.1,41.8857261,12.7156425,Late_Iron_Age,Central_Med
-22.6,3.2,40.418422,22.591694,Late_Neolithic,Central_Med
-23.3,0.3,41.8857261,12.7156425,Late_Iron_Age,Central_Med
-24.6,0.1,41.8857261,12.7156425,Late_Iron_Age,Central_Med
-23.0,2.5,40.706147,22.541419,Middle_Late_Bronze_Age,Central_Med
-22.2,3.01,37.759269,-1.559711,Middle_Late_Bronze_Age,Western_Med
-24.7,4.4,41.8857261,12.7156425,Late_Iron_Age,Central_Med
-24.01,2.5,38.6582027,23.1895369,Late_Neolithic,Eastern_Med
-24.4,4.6,35.2994728,25.1616528,Early_Iron_Age,Eastern_Med
-23.2,4.3,41.8857261,12.7156425,Late_Iron_Age,Central_Med
-24.1,2.9,41.8857261,12.7156425,Late_Iron_Age,Central_Med
-21.6,0.6,41.8857261,12.7156425,Late_Iron_Age,Central_Med
-26.0,-0.8,,,Other,unknown
-22.6,1.7,37.062972,22.420611,Late_Neolithic,Central_Med
-22.46,4.79,37.759269,-1.559711,Middle_Late_Bronze_Age,Western_Med
-22.9,3.7,40.640317,22.935272,Middle_Late_Bronze_Age,Central_Med
-22.99,3.34,35.798885,36.798413,Early_Bronze_Age,Eastern_Med
-23.9,2.8,41.8857261,12.7156425,Late_Iron_Age,Central_Med
-23.67,2.33,38.285047,26.702271,Chalcolithic,Eastern_Med
-21.0,6.4,43.446908,5.685143,Chalcolithic,Western_Med
-24.2,4.9,40.640317,22.935272,Middle_Late_Bronze_Age,Central_Med
-22.0,5.9,36.667179,41.058576,Early_Bronze_Age,Eastern_Med
-22.6,3.4,41.8857261,12.7156425,Late_Iron_Age,Central_Med
-25.1,0.8,41.8857261,12.7156425,Late_Iron_Age,Central_Med
-23.9,-0.3,41.8857261,12.7156425,Late_Iron_Age,Central_Med
-22.43,4.91,36.240491,36.382199,Middle_Late_Bronze_Age,Eastern_Med
-21.51,4.43,37.15237,-1.894537,Middle_Late_Bronze_Age,Western_Med
-22.65,3.77,37.759269,-1.559711,Middle_Late_Bronze_Age,Western_Med
-25.3,1.3,40.418422,22.591694,Late_Neolithic,Central_Med
-23.8,1.0,41.8857261,12.7156425,Late_Iron_Age,Central_Med
-24.44,-0.3,38.6582027,23.1895369,Late_Neolithic,Eastern_Med
-24.4,4.0,40.640317,22.935272,Middle_Late_Bronze_Age,Central_Med
-22.9,-1.3,37.062972,22.420611,Late_Neolithic,Central_Med
-23.6,0.9,41.8857261,12.7156425,Late_Iron_Age,Central_Med
-24.9,-0.5,41.8857261,12.7156425,Late_Iron_Age,Central_Med
-23.35,1.83,36.240491,36.382199,Middle_Late_Bronze_Age,Eastern_Med
-24.8,1.7,37.062972,22.420611,Late_Neolithic,Central_Med
-23.54,-0.14,33.216667,36.416667,Other,Eastern_Med
-22.4,8.6,29.32,-9.44,Other,Western_Med
-22.04,4.52,37.759269,-1.559711,Middle_Late_Bronze_Age,Western_Med
-23.0,3.8,36.667179,41.058576,Early_Bronze_Age,Eastern_Med
-24.4,1.1,37.062972,22.420611,Late_Neolithic,Central_Med
-23.66,3.98,37.759269,-1.559711,Middle_Late_Bronze_Age,Western_Med
-22.69,5.36,38.123229,27.147217,Chalcolithic,Eastern_Med
-23.5,0.6,40.706147,22.541419,Middle_Late_Bronze_Age,Central_Med
-22.4,2.0,41.496667,13.489629,Early_Bronze_Age,Central_Med
-22.4,2.9,41.8857261,12.7156425,Late_Iron_Age,Central_Med
-24.0,10.7,40.640317,22.935272,Middle_Late_Bronze_Age,Central_Med
-24.1,1.2,41.8857261,12.7156425,Late_Iron_Age,Central_Med
-23.3,2.0,41.8857261,12.7156425,Late_Iron_Age,Central_Med
-24.4,-0.7,41.8857261,12.7156425,Late_Iron_Age,Central_Med
0.63,0.08,35.29848,25.159555,Early_Iron_Age,Eastern_Med
-23.7,1.5,41.8857261,12.7156425,Late_Iron_Age,Central_Med
-23.9,2.7,40.706147,22.541419,Middle_Late_Bronze_Age,Central_Med
-22.39,3.77,36.240491,36.382199,Middle_Late_Bronze_Age,Eastern_Med
-24.09,5.16,35.2994728,25.1616528,Late_Neolithic,Eastern_Med
-22.8,3.0,41.8857261,12.7156425,Late_Iron_Age,Central_Med
-24.3,1.9,41.8857261,12.7156425,Late_Iron_Age,Central_Med
-23.01,4.37,35.2994728,25.1616528,Late_Neolithic,Eastern_Med
-22.53,2.88,38.285047,26.702271,Chalcolithic,Eastern_Med
-23.9,2.7,41.8857261,12.7156425,Late_Iron_Age,Central_Med
-22.06,2.38,36.240491,36.382199,Middle_Late_Bronze_Age,Eastern_Med
-23.4,1.3,41.496667,13.489629,Early_Bronze_Age,Central_Med
-23.6,7.27,35.2994728,25.1616528,Neolithic,Eastern_Med
-24.16,1.8,38.285047,26.702271,Chalcolithic,Eastern_Med
-21.0,2.2,41.8857261,12.7156425,Late_Iron_Age,Central_Med
-22.54,2.93,37.759269,-1.559711,Middle_Late_Bronze_Age,Western_Med
-23.67,5.95,38.285047,26.702271,Chalcolithic,Eastern_Med
-23.0,2.5,40.706147,22.541419,Middle_Late_Bronze_Age,Central_Med
-26.0,-1.4,35.1,38.9,Other,Eastern_Med
-22.4,4.9,37.062972,22.420611,Late_Neolithic,Central_Med
-23.0,2.0,41.8857261,12.7156425,Late_Iron_Age,Central_Med
-23.5,0.9,41.8857261,12.7156425,Late_Iron_Age,Central_Med
-27.7,1.4,34.95,-5.54,Other,Western_Med
-24.4,0.9,41.8857261,12.7156425,Late_Iron_Age,Central_Med
-22.8,2.7,40.640317,22.935272,Middle_Late_Bronze_Age,Central_Med
-24.1,1.4,41.8857261,12.7156425,Late_Iron_Age,Central_Med
-24.7,2.0,40.418422,22.591694,Late_Neolithic,Central_Med
-22.7,4.41,35.798885,36.798413,Early_Bronze_Age,Eastern_Med
-22.9,1.5,40.706147,22.541419,Middle_Late_Bronze_Age,Central_Med
-24.8,6.6,40.640317,22.935272,Middle_Late_Bronze_Age,Central_Med
-23.91,7.36,37.759269,-1.559711,Middle_Late_Bronze_Age,Western_Med
-23.4,5.9,37.062972,22.420611,Late_Neolithic,Central_Med
-27.6,-1.5,34.990897,32.905029,Neolithic,Eastern_Med
-23.6,2.7,40.706147,22.541419,Middle_Late_Bronze_Age,Central_Med
-22.5,5.9,37.062972,22.420611,Late_Neolithic,Central_Med
-22.1,2.5,37.062972,22.420611,Late_Neolithic,Central_Med
-21.3,6.8,36.667179,41.058576,Early_Bronze_Age,Eastern_Med
-22.7,3.3,41.496667,13.489629,Early_Bronze_Age,Central_Med
-10.9,10.6,42.542984,-2.580537,Late_Iron_Age,Western_Med
-25.7,0.8,43.894131,5.114862,Late_Neolithic,Western_Med
-22.49,2.18,38.285047,26.702271,Chalcolithic,Eastern_Med
-25.4,0.4,41.496667,13.489629,Early_Bronze_Age,Central_Med
-24.1,5.1,40.640317,22.935272,Middle_Late_Bronze_Age,Central_Med
-23.4,3.5,41.8857261,12.7156425,Late_Iron_Age,Central_Med
-23.11,1.46,38.285047,26.702271,Chalcolithic,Eastern_Med
-10.8,9.8,42.542984,-2.580537,Late_Iron_Age,Western_Med
-22.2,3.4,43.38296,5.164636,Late_Neolithic,Western_Med
-22.3,6.7,42.542984,-2.580537,Late_Iron_Age,Western_Med
-23.12,4.86,36.240491,36.382199,Middle_Late_Bronze_Age,Eastern_Med
-23.8,2.5,41.8857261,12.7156425,Late_Iron_Age,Central_Med
-23.9,3.2,40.706147,22.541419,Middle_Late_Bronze_Age,Central_Med
-23.6,3.4,41.8857261,12.7156425,Late_Iron_Age,Central_Med
-21.01,2.12,37.759269,-1.559711,Middle_Late_Bronze_Age,Western_Med
-22.3,5.2,37.062972,22.420611,Late_Neolithic,Central_Med
-22.41,5.68,37.759269,-1.559711,Middle_Late_Bronze_Age,Western_Med
-23.3,-0.2,35.272222,38.85,Other,Eastern_Med
-22.9,5.0,41.8857261,12.7156425,Late_Iron_Age,Central_Med
-24.16,-2.6,38.6582027,23.1895369,Late_Neolithic,Eastern_Med
-23.8,2.0,41.8857261,12.7156425,Late_Iron_Age,Central_Med
-21.8,3.2,41.8857261,12.7156425,Late_Iron_Age,Central_Med
-24.4,1.2,37.062972,22.420611,Late_Neolithic,Central_Med
-23.58,9.39,38.285047,26.702271,Chalcolithic,Eastern_Med
-22.0,3.7,37.611667,14.226111,Early_Bronze_Age,Central_Med
-23.15,3.75,38.285047,26.702271,Chalcolithic,Eastern_Med
-23.6,2.1,40.706147,22.541419,Middle_Late_Bronze_Age,Central_Med
-23.32,2.0,38.285047,26.702271,Chalcolithic,Eastern_Med
-23.7,5.7,41.8857261,12.7156425,Late_Iron_Age,Central_Med
-10.3,7.4,40.706147,22.541419,Middle_Late_Bronze_Age,Central_Med
-22.9,2.2,40.706147,22.541419,Middle_Late_Bronze_Age,Central_Med
-23.9,1.4,41.8857261,12.7156425,Late_Iron_Age,Central_Med
-23.4,0.0,41.8857261,12.7156425,Late_Iron_Age,Central_Med
-22.4,6.7,36.667179,41.058576,Early_Bronze_Age,Eastern_Med
-23.85,5.3,38.123229,27.147217,Chalcolithic,Eastern_Med
-24.7,0.2,37.062972,22.420611,Late_Neolithic,Central_Med
-23.1,1.5,41.8857261,12.7156425,Late_Iron_Age,Central_Med
-25.2,6.3,40.640317,22.935272,Middle_Late_Bronze_Age,Central_Med
-23.07,6.17,35.2994728,25.1616528,Neolithic,Eastern_Med
-24.6,2.05,36.372222,37.530278,Other,Eastern_Med
-23.0,0.6,40.706147,22.541419,Middle_Late_Bronze_Age,Central_Med
-24.1,2.03,34.601389,37.101944,Other,Eastern_Med
-22.5,2.2,35.2994728,25.1616528,Early_Iron_Age,Eastern_Med
-24.8,-3.6,41.8857261,12.7156425,Late_Iron_Age,Central_Med
-22.0,6.1,40.640317,22.935272,Middle_Late_Bronze_Age,Central_Med
-24.0,4.2,41.8857261,12.7156425,Late_Iron_Age,Central_Med
-24.2,-1.2,41.8857261,12.7156425,Late_Iron_Age,Central_Med
-23.9,4.2,41.8857261,12.7156425,Late_Iron_Age,Central_Med
-23.6,1.5,41.8857261,12.7156425,Late_Iron_Age,Central_Med
-24.5,0.6,41.8857261,12.7156425,Late_Iron_Age,Central_Med
-22.6,4.1,40.706147,22.541419,Middle_Late_Bronze_Age,Central_Med
-23.36,3.22,36.240491,36.382199,Middle_Late_Bronze_Age,Eastern_Med
0.63,0.08,35.29848,25.159555,Early_Iron_Age,Eastern_Med
-22.4,5.2,43.568073,3.90335,Late_Iron_Age,Western_Med
-24.0,2.8,41.8857261,12.7156425,Late_Iron_Age,Central_Med
-24.25,3.21,38.285047,26.702271,Chalcolithic,Eastern_Med
-20.06,6.74,37.759269,-1.559711,Middle_Late_Bronze_Age,Western_Med
-24.36,1.2,35.2994728,25.1616528,Late_Neolithic,Eastern_Med
-23.91,-1.2,38.6582027,23.1895369,Late_Neolithic,Eastern_Med
-23.6,1.3,41.8857261,12.7156425,Late_Iron_Age,Central_Med
-23.1,1.2,40.418422,22.591694,Late_Neolithic,Central_Med
-21.9,1.6,41.8857261,12.7156425,Late_Iron_Age,Central_Med
-10.8,7.9,40.640317,22.935272,Middle_Late_Bronze_Age,Central_Med
-10.8,6.3,40.706147,22.541419,Middle_Late_Bronze_Age,Central_Med
-24.6,1.3,41.8857261,12.7156425,Late_Iron_Age,Central_Med
-22.7,1.9,40.706147,22.541419,Middle_Late_Bronze_Age,Central_Med
-22.5,2.1,40.706147,22.541419,Middle_Late_Bronze_Age,Central_Med
-24.3,-1.8,32.822222,36.687222,Other,Eastern_Med
-21.77,2.78,36.240491,36.382199,Middle_Late_Bronze_Age,Eastern_Med
-23.4,1.6,40.706147,22.541419,Middle_Late_Bronze_Age,Central_Med
-23.12,4.57,35.798885,36.798413,Early_Bronze_Age,Eastern_Med
-24.05,3.98,38.123229,27.147217,Chalcolithic,Eastern_Med
-23.2,6.63,37.759269,-1.559711,Middle_Late_Bronze_Age,Western_Med
-22.76,0.06,38.285047,26.702271,Chalcolithic,Eastern_Med
-28.2,1.4,34.95,-5.54,Other,Western_Med
-24.4,1.2,41.496667,13.489629,Early_Bronze_Age,Central_Med
-23.98,-2.9,38.6582027,23.1895369,Late_Neolithic,Eastern_Med
-22.69,4.77,36.240491,36.382199,Middle_Late_Bronze_Age,Eastern_Med
-24.7,1.5,41.496667,13.489629,Early_Bronze_Age,Central_Med
-21.7,2.3,35.2994728,25.1616528,Early_Iron_Age,Eastern_Med
-23.9,2.8,40.706147,22.541419,Middle_Late_Bronze_Age,Central_Med
-23.7,11.7,43.38296,5.164636,Late_Neolithic,Western_Med
-22.7,0.31,38.285047,26.702271,Chalcolithic,Eastern_Med
-23.9,3.9,34.990897,32.905029,Neolithic,Eastern_Med
-22.3,3.8,40.706147,22.541419,Middle_Late_Bronze_Age,Central_Med
-23.05,4.4,37.759269,-1.559711,Middle_Late_Bronze_Age,Western_Med
-23.5,0.2,41.8857261,12.7156425,Late_Iron_Age,Central_Med
-22.7,2.6,40.706147,22.541419,Middle_Late_Bronze_Age,Central_Med
-25.0,-0.1,41.8857261,12.7156425,Late_Iron_Age,Central_Med
-23.1,3.2,41.496667,13.489629,Early_Bronze_Age,Central_Med
-22.7,5.6,29.35,-9.43,Other,Western_Med
-23.1,7.1,36.667179,41.058576,Early_Bronze_Age,Eastern_Med
-23.5,10.9,40.640317,22.935272,Middle_Late_Bronze_Age,Central_Med
-22.4,3.2,41.496667,13.489629,Early_Bronze_Age,Central_Med
0.64,0.08,35.29848,25.159555,Early_Iron_Age,Eastern_Med
-22.9,3.7,40.706147,22.541419,Middle_Late_Bronze_Age,Central_Med
-23.46,1.4,38.6582027,23.1895369,Late_Neolithic,Eastern_Med
-27.4,1.6,41.496667,13.489629,Early_Bronze_Age,Central_Med
-21.6,5.1,42.542984,-2.580537,Late_Iron_Age,Western_Med
-22.6,1.2,41.8857261,12.7156425,Late_Iron_Age,Central_Med
-22.2,5.6,37.062972,22.420611,Late_Neolithic,Central_Med
-21.75,3.76,36.240491,36.382199,Middle_Late_Bronze_Age,Eastern_Med
-25.1,3.5,41.8857261,12.7156425,Late_Iron_Age,Central_Med
-23.5,2.1,40.706147,22.541419,Middle_Late_Bronze_Age,Central_Med
-23.43,2.96,38.123229,27.147217,Chalcolithic,Eastern_Med
-22.8,1.1,41.8857261,12.7156425,Late_Iron_Age,Central_Med
-23.1,1.8,41.8857261,12.7156425,Late_Iron_Age,Central_Med
-23.33,3.99,35.2994728,25.1616528,Late_Neolithic,Eastern_Med
-23.8,2.1,40.706147,22.541419,Middle_Late_Bronze_Age,Central_Med
-23.5,0.3,37.062972,22.420611,Late_Neolithic,Central_Med
-23.0,2.8,41.8857261,12.7156425,Late_Iron_Age,Central_Med
-22.8,2.8,41.8857261,12.7156425,Late_Iron_Age,Central_Med
-20.93,2.08,37.15237,-1.894537,Middle_Late_Bronze_Age,Western_Med
-23.1,5.3,41.8857261,12.7156425,Late_Iron_Age,Central_Med
-24.6,10.5,40.640317,22.935272,Middle_Late_Bronze_Age,Central_Med
-23.8,7.7,43.568074,3.903351,Late_Iron_Age,Western_Med
-24.4,5.6,40.706147,22.541419,Middle_Late_Bronze_Age,Central_Med
0.13,0.08,35.29848,25.159555,Neolithic,Eastern_Med
-24.0,1.0,41.8857261,12.7156425,Late_Iron_Age,Central_Med
-24.61,2.42,38.123229,27.147217,Chalcolithic,Eastern_Med
-23.64,-0.6,38.6582027,23.1895369,Late_Neolithic,Eastern_Med
-21.87,0.25,38.285047,26.702271,Chalcolithic,Eastern_Med
-22.6,2.9,41.8857261,12.7156425,Late_Iron_Age,Central_Med
-24.8,2.3,44.413343,9.162563,Chalcolithic,Western_Med
-23.7,3.2,41.8857261,12.7156425,Late_Iron_Age,Central_Med
-23.91,-1.7,38.6582027,23.1895369,Late_Neolithic,Eastern_Med
-21.04,8.07,37.759269,-1.559711,Middle_Late_Bronze_Age,Western_Med
-22.8,-0.3,41.8857261,12.7156425,Late_Iron_Age,Central_Med
-22.7,-0.1,36.400556,39.279167,Other,Eastern_Med
-24.8,6.8,40.640317,22.935272,Middle_Late_Bronze_Age,Central_Med
-22.11,0.07,38.285047,26.702271,Chalcolithic,Eastern_Med
-25.1,4.2,35.2994728,25.1616528,Early_Iron_Age,Eastern_Med
0.64,0.08,35.29848,25.159555,Early_Iron_Age,Eastern_Med
-23.8,-1.0,41.8857261,12.7156425,Late_Iron_Age,Central_Med
-24.35,3.2,36.240491,36.382199,Middle_Late_Bronze_Age,Eastern_Med
-23.6,3.8,41.8857261,12.7156425,Late_Iron_Age,Central_Med
-23.5,0.2,41.8857261,12.7156425,Late_Iron_Age,Central_Med
-23.7,2.3,40.706147,22.541419,Middle_Late_Bronze_Age,Central_Med
-23.41,2.54,38.123229,27.147217,Chalcolithic,Eastern_Med
-23.5,4.6,41.8857261,12.7156425,Late_Iron_Age,Central_Med
-23.26,2.81,38.285047,26.702271,Chalcolithic,Eastern_Med
-23.78,4.1,38.6582027,23.1895369,Late_Neolithic,Eastern_Med
-23.2,5.7,35.2994728,25.1616528,Neolithic,Eastern_Med
-22.6,3.0,41.8857261,12.7156425,Late_Iron_Age,Central_Med
-23.65,1.37,36.240491,36.382199,Middle_Late_Bronze_Age,Eastern_Med
-24.2,4.2,37.062972,22.420611,Late_Neolithic,Central_Med
-25.4,1.2,41.8857261,12.7156425,Late_Iron_Age,Central_Med
-22.7,2.7,40.706147,22.541419,Middle_Late_Bronze_Age,Central_Med
-23.4,4.0,40.640317,22.935272,Middle_Late_Bronze_Age,Central_Med
-22.69,4.78,37.15237,-1.894537,Middle_Late_Bronze_Age,Western_Med
-23.39,1.43,38.285047,26.702271,Chalcolithic,Eastern_Med
0.12,0.08,35.29848,25.159555,Neolithic,Eastern_Med
-22.4,0.8,41.8857261,12.7156425,Late_Iron_Age,Central_Med
-24.66,2.7,38.6582027,23.1895369,Late_Neolithic,Eastern_Med
-23.5,4.0,41.8857261,12.7156425,Late_Iron_Age,Central_Med
-22.12,1.97,36.240491,36.382199,Middle_Late_Bronze_Age,Eastern_Med
-24.3,3.9,35.2994728,25.1616528,Early_Iron_Age,Eastern_Med
0.64,0.08,35.29848,25.159555,Early_Iron_Age,Eastern_Med
-23.8,0.4,41.8857261,12.7156425,Late_Iron_Age,Central_Med
-22.8,10.5,36.667179,41.058576,Early_Bronze_Age,Eastern_Med
-25.5,1.6,40.418422,22.591694,Late_Neolithic,Central_Med
-23.36,0.93,38.285047,26.702271,Chalcolithic,Eastern_Med
-23.6,0.6,41.8857261,12.7156425,Late_Iron_Age,Central_Med
-24.93,2.6,38.6582027,23.1895369,Late_Neolithic,Eastern_Med
-21.56,4.23,36.240491,36.382199,Middle_Late_Bronze_Age,Eastern_Med
-22.8,3.0,41.8857261,12.7156425,Late_Iron_Age,Central_Med
-24.4,6.2,36.667179,41.058576,Early_Bronze_Age,Eastern_Med
-23.93,-0.6,38.6582027,23.1895369,Late_Neolithic,Eastern_Med
-26.06,0.01,34.98031,33.202905,Other,Eastern_Med
-23.2,0.6,41.8857261,12.7156425,Late_Iron_Age,Central_Med
-23.4,1.6,40.706147,22.541419,Middle_Late_Bronze_Age,Central_Med
-23.14,5.46,38.285047,26.702271,Chalcolithic,Eastern_Med
-24.8,2.8,41.8857261,12.7156425,Late_Iron_Age,Central_Med
-23.0,7.0,37.062972,22.420611,Late_Neolithic,Central_Med
-23.5,0.4,40.706147,22.541419,Middle_Late_Bronze_Age,Central_Med
-23.1,2.2,41.8857261,12.7156425,Late_Iron_Age,Central_Med
-23.2,0.9,40.706147,22.541419,Middle_Late_Bronze_Age,Central_Med
-23.3,1.4,41.8857261,12.7156425,Late_Iron_Age,Central_Med
-21.6,3.5,41.8857261,12.7156425,Late_Iron_Age,Central_Med
-24.7,0.7,41.8857261,12.7156425,Late_Iron_Age,Central_Med
-25.4,5.2,40.640317,22.935272,Middle_Late_Bronze_Age,Central_Med
-24.6,0.9,40.418397,22.591694,Late_Neolithic,Central_Med
-22.3,3.3,40.706147,22.541419,Middle_Late_Bronze_Age,Central_Med
-22.6,3.8,40.706147,22.541419,Middle_Late_Bronze_Age,Central_Med
-24.0,1.3,41.496667,13.489629,Early_Bronze_Age,Central_Med
-24.0,1.7,41.8857261,12.7156425,Late_Iron_Age,Central_Med
-23.2,2.3,36.667179,41.058576,Early_Bronze_Age,Eastern_Med
-24.4,0.83,34.990897,32.905029,Neolithic,Eastern_Med
-24.54,1.37,36.240491,36.382199,Middle_Late_Bronze_Age,Eastern_Med
-22.44,5.58,37.759269,-1.559711,Middle_Late_Bronze_Age,Western_Med
-22.3,0.8,41.8857261,12.7156425,Late_Iron_Age,Central_Med
-23.11,2.67,36.240491,36.382199,Middle_Late_Bronze_Age,Eastern_Med
-23.7,-0.5,35.272222,38.85,Other,Eastern_Med
-23.76,4.35,37.759269,-1.559711,Middle_Late_Bronze_Age,Western_Med
-23.9,-1.3,37.062972,22.420611,Late_Neolithic,Central_Med
-23.8,1.5,41.8857261,12.7156425,Late_Iron_Age,Central_Med
-22.3,3.5,43.894131,5.114862,Late_Neolithic,Western_Med
-24.8,3.5,41.8857261,12.7156425,Late_Iron_Age,Central_Med
-24.9,-0.2,41.8857261,12.7156425,Late_Iron_Age,Central_Med
-23.6,2.4,40.640317,22.935272,Middle_Late_Bronze_Age,Central_Med
-24.1,1.6,41.8857261,12.7156425,Late_Iron_Age,Central_Med
-23.8,0.2,37.062972,22.420611,Late_Neolithic,Central_Med
-23.5,0.8,41.8857261,12.7156425,Late_Iron_Age,Central_Med
-23.27,2.75,38.285047,26.702271,Chalcolithic,Eastern_Med
-24.6,8.0,40.640317,22.935272,Middle_Late_Bronze_Age,Central_Med
-21.27,2.73,36.240491,36.382199,Middle_Late_Bronze_Age,Eastern_Med
-21.8,-0.9,41.8857261,12.7156425,Late_Iron_Age,Central_Med
-21.43,1.03,38.285047,26.702271,Chalcolithic,Eastern_Med
-23.9,2.7,41.8857261,12.7156425,Late_Iron_Age,Central_Med
-25.2,0.1,41.496667,13.489629,Early_Bronze_Age,Central_Med
-23.5,1.9,41.496667,13.489629,Early_Bronze_Age,Central_Med
-24.0,1.6,41.8857261,12.7156425,Late_Iron_Age,Central_Med
-24.8,2.01,34.735833,36.716667,Other,Eastern_Med
-20.91,1.61,38.285047,26.702271,Chalcolithic,Eastern_Med
-23.83,6.02,37.759269,-1.559711,Middle_Late_Bronze_Age,Western_Med
-24.28,-3.0,38.6582027,23.1895369,Late_Neolithic,Eastern_Med
-24.75,1.12,38.285047,26.702271,Chalcolithic,Eastern_Med
-23.35,6.08,37.759269,-1.559711,Middle_Late_Bronze_Age,Western_Med
-21.6,2.6,36.667179,41.058576,Early_Bronze_Age,Eastern_Med
-24.1,0.1,40.418422,22.591694,Late_Neolithic,Central_Med
-24.7,7.4,29.38,-9.43,Other,Western_Med
-22.4,6.0,41.8857261,12.7156425,Late_Iron_Age,Central_Med
-22.1,2.5,41.8857261,12.7156425,Late_Iron_Age,Central_Med
-23.5,4.9,43.38296,5.164636,Late_Neolithic,Western_Med
-23.4,2.5,41.496667,13.489629,Early_Bronze_Age,Central_Med
-22.7,2.6,41.8857261,12.7156425,Late_Iron_Age,Central_Med
-23.86,0.98,38.285047,26.702271,Chalcolithic,Eastern_Med
-23.75,2.6,38.6582027,23.1895369,Late_Neolithic,Eastern_Med
-24.53,3.9,38.6582027,23.1895369,Late_Neolithic,Eastern_Med
-21.9,1.6,41.8857261,12.7156425,Late_Iron_Age,Central_Med
-23.1,1.7,41.8857261,12.7156425,Late_Iron_Age,Central_Med
-24.11,4.61,35.2994728,25.1616528,Late_Neolithic,Eastern_Med
-11.1,8.0,40.640317,22.935272,Middle_Late_Bronze_Age,Central_Med
-23.0,0.8,41.8857261,12.7156425,Late_Iron_Age,Central_Med
-23.3,1.1,41.8857261,12.7156425,Late_Iron_Age,Central_Med
-22.05,3.33,38.285047,26.702271,Chalcolithic,Eastern_Med
-22.3,7.5,42.542984,-2.580537,Late_Iron_Age,Western_Med
-23.7,10.4,29.38,-9.43,Other,Western_Med
-24.3,5.2,36.667179,41.058576,Early_Bronze_Age,Eastern_Med
-23.64,0.1,38.6582027,23.1895369,Late_Neolithic,Eastern_Med
-21.7,7.9,42.542984,-2.580537,Late_Iron_Age,Western_Med
-23.8,6.1,41.8857261,12.7156425,Late_Iron_Age,Central_Med
-25.4,1.3,40.418422,22.591694,Late_Neolithic,Central_Med
-24.09,4.1,36.240491,36.382199,Middle_Late_Bronze_Age,Eastern_Med
-22.4,3.7,40.706147,22.541419,Middle_Late_Bronze_Age,Central_Med
-24.34,6.58,37.15237,-1.894537,Middle_Late_Bronze_Age,Western_Med
-23.3,2.0,40.706147,22.541419,Middle_Late_Bronze_Age,Central_Med
-22.53,0.9,38.6582027,23.1895369,Late_Neolithic,Eastern_Med
-23.6,6.6,29.35,-9.43,Other,Western_Med
-22.4,2.7,41.8857261,12.7156425,Late_Iron_Age,Central_Med
-22.5,0.5,37.062972,22.420611,Late_Neolithic,Central_Med
-23.4,5.8,41.8857261,12.7156425,Late_Iron_Age,Central_Med
-23.36,2.61,38.123229,27.147217,Chalcolithic,Eastern_Med
-22.1,2.1,41.8857261,12.7156425,Late_Iron_Age,Central_Med
-24.7,3.03,38.123229,27.147217,Chalcolithic,Eastern_Med
-22.0,3.0,41.8857261,12.7156425,Late_Iron_Age,Central_Med
-22.9,4.6,36.667179,41.058576,Early_Bronze_Age,Eastern_Med
-22.65,3.51,38.285047,26.702271,Chalcolithic,Eastern_Med
-22.67,3.22,38.123229,27.147217,Chalcolithic,Eastern_Med
-24.9,1.2,41.496667,13.489629,Early_Bronze_Age,Central_Med
-24.0,5.9,36.667179,41.058576,Early_Bronze_Age,Eastern_Med
-23.2,-0.3,35.083333,38.916667,Other,Eastern_Med
-21.93,6.01,37.759269,-1.559711,Middle_Late_Bronze_Age,Western_Med
0.64,0.08,35.29848,25.159555,Early_Iron_Age,Eastern_Med
-24.0,4.1,41.8857261,12.7156425,Late_Iron_Age,Central_Med
-23.75,0.31,35.0214054,33.2525979,Other,Eastern_Med
-22.01,0.2,38.6582027,23.1895369,Late_Neolithic,Eastern_Med
-24.5,-0.7,41.8857261,12.7156425,Late_Iron_Age,Central_Med
-23.8,2.2,41.8857261,12.7156425,Late_Iron_Age,Central_Med
-23.1,3.6,41.8857261,12.7156425,Late_Iron_Age,Central_Med
-23.92,9.0,37.759269,-1.559711,Middle_Late_Bronze_Age,Western_Med
-23.25,6.23,35.2994728,25.1616528,Late_Neolithic,Eastern_Med
-24.7,4.6,41.8857261,12.7156425,Late_Iron_Age,Central_Med
-24.58,0.4,38.6582027,23.1895369,Late_Neolithic,Eastern_Med
-23.76,4.28,37.759269,-1.559711,Middle_Late_Bronze_Age,Western_Med
-24.1,2.83,38.123229,27.147217,Chalcolithic,Eastern_Med
-21.9,0.43,38.285047,26.702271,Chalcolithic,Eastern_Med
-24.55,-0.48,32.822222,36.687222,Other,Eastern_Med
-22.0,2.9,41.8857261,12.7156425,Late_Iron_Age,Central_Med
-22.6,4.3,41.8857261,12.7156425,Late_Iron_Age,Central_Med
-22.0,-1.1,41.8857261,12.7156425,Late_Iron_Age,Central_Med
-24.8,5.1,35.2994728,25.1616528,Early_Iron_Age,Eastern_Med
-24.42,1.98,35.2994728,25.1616528,Neolithic,Eastern_Med
-22.97,2.49,36.240491,36.382199,Middle_Late_Bronze_Age,Eastern_Med
-24.26,1.06,38.285047,26.702271,Chalcolithic,Eastern_Med
-24.9,1.4,41.8857261,12.7156425,Late_Iron_Age,Central_Med
-24.76,5.5,38.6582027,23.1895369,Late_Neolithic,Eastern_Med
-23.7,3.3,40.706147,22.541419,Middle_Late_Bronze_Age,Central_Med
-23.2,0.8,41.8857261,12.7156425,Late_Iron_Age,Central_Med
-23.73,2.0,38.6582027,23.1895369,Late_Neolithic,Eastern_Med
-20.7,0.85,38.285047,26.702271,Chalcolithic,Eastern_Med
-23.9,5.8,41.8857261,12.7156425,Late_Iron_Age,Central_Med
-23.4,2.5,40.706147,22.541419,Middle_Late_Bronze_Age,Central_Med
-22.2,1.3,41.8857261,12.7156425,Late_Iron_Age,Central_Med
-23.8,2.1,35.2994728,25.1616528,Early_Iron_Age,Eastern_Med
-24.6,0.9,40.418422,22.591694,Late_Neolithic,Central_Med
-23.84,3.47,38.123229,27.147217,Chalcolithic,Eastern_Med
-24.1,0.1,41.8857261,12.7156425,Late_Iron_Age,Central_Med
-25.7,12.5,29.24,-9.19,Other,Western_Med
-22.78,4.01,37.759269,-1.559711,Middle_Late_Bronze_Age,Western_Med
-24.4,1.2,37.062972,22.420611,Late_Neolithic,Central_Med
-23.5,-0.1,35.033333,35.9,Other,Eastern_Med
-22.86,4.11,37.759269,-1.559711,Middle_Late_Bronze_Age,Western_Med
-24.3,-0.4,37.062972,22.420611,Late_Neolithic,Central_Med
-23.5,4.5,40.640317,22.935272,Middle_Late_Bronze_Age,Central_Med
-23.4,1.9,40.706147,22.541419,Middle_Late_Bronze_Age,Central_Med
-23.29,8.15,36.240491,36.382199,Middle_Late_Bronze_Age,Eastern_Med
-23.9,6.0,40.706147,22.541419,Middle_Late_Bronze_Age,Central_Med
-24.0,-0.8,41.8857261,12.7156425,Late_Iron_Age,Central_Med
-22.9,0.0,41.8857261,12.7156425,Late_Iron_Age,Central_Med
-23.74,0.7,38.6582027,23.1895369,Late_Neolithic,Eastern_Med
-23.1,3.2,41.8857261,12.7156425,Late_Iron_Age,Central_Med
-23.2,0.1,41.8857261,12.7156425,Late_Iron_Age,Central_Med
-22.7,3.4,41.8857261,12.7156425,Late_Iron_Age,Central_Med
0.63,0.08,35.29848,25.159555,Early_Iron_Age,Eastern_Med
-23.9,1.4,41.8857261,12.7156425,Late_Iron_Age,Central_Med
-23.6,2.86,38.285047,26.702271,Chalcolithic,Eastern_Med
-22.1,4.6,43.446908,5.685143,Chalcolithic,Western_Med
-23.1,4.3,43.38296,5.164636,Late_Neolithic,Western_Med
-10.4,5.0,40.706147,22.541419,Middle_Late_Bronze_Age,Central_Med
-24.9,2.6,41.8857261,12.7156425,Late_Iron_Age,Central_Med
-23.88,3.78,37.759269,-1.559711,Middle_Late_Bronze_Age,Western_Med
-23.4,5.4,37.062972,22.420611,Late_Neolithic,Central_Med
-24.4,5.1,35.2994728,25.1616528,Early_Iron_Age,Eastern_Med
-23.6,1.8,41.8857261,12.7156425,Late_Iron_Age,Central_Med
-23.6,2.3,40.706147,22.541419,Middle_Late_Bronze_Age,Central_Med
-24.75,0.6,38.6582027,23.1895369,Late_Neolithic,Eastern_Med
-24.7,0.5,41.8857261,12.7156425,Late_Iron_Age,Central_Med
-21.6,7.5,42.542984,-2.580537,Late_Iron_Age,Western_Med
-22.9,2.25,38.285047,26.702271,Chalcolithic,Eastern_Med
-23.4,6.5,42.542984,-2.580537,Late_Iron_Age,Western_Med
-28.0,0.9,34.95,-5.54,Other,Western_Med
-23.0,2.3,41.8857261,12.7156425,Late_Iron_Age,Central_Med
-24.1,3.0,40.706147,22.541419,Middle_Late_Bronze_Age,Central_Med
-22.88,6.0,37.759269,-1.559711,Middle_Late_Bronze_Age,Western_Med
-23.8,8.6,40.640317,22.935272,Middle_Late_Bronze_Age,Central_Med
-24.4,3.5,37.062972,22.420611,Late_Neolithic,Central_Med
-25.0,1.1,41.8857261,12.7156425,Late_Iron_Age,Central_Med
-21.7,3.0,41.8857261,12.7156425,Late_Iron_Age,Central_Med
-23.6,6.0,43.568094,3.903371,Late_Iron_Age,Western_Med
-22.8,2.5,40.640317,22.935272,Middle_Late_Bronze_Age,Central_Med
-24.5,2.7,37.062972,22.420611,Late_Neolithic,Central_Med
-23.69,4.15,37.15237,-1.894537,Middle_Late_Bronze_Age,Western_Med
-22.03,3.0,36.240491,36.382199,Middle_Late_Bronze_Age,Eastern_Med
-23.2,3.1,41.8857261,12.7156425,Late_Iron_Age,Central_Med
-26.2,1.02,35.683333,35.833333,Other,Eastern_Med
-22.5,2.8,41.8857261,12.7156425,Late_Iron_Age,Central_Med
-23.1,3.04,38.123229,27.147217,Chalcolithic,Eastern_Med
-23.6,5.6,36.667179,41.058576,Early_Bronze_Age,Eastern_Med
-25.9,12.5,29.24,-9.19,Other,Western_Med
-24.4,3.8,40.640317,22.935272,Middle_Late_Bronze_Age,Central_Med
-23.3,5.4,40.706147,22.541419,Middle_Late_Bronze_Age,Central_Med
-23.33,1.19,36.240491,36.382199,Middle_Late_Bronze_Age,Eastern_Med
-23.3,-0.2,41.8857261,12.7156425,Late_Iron_Age,Central_Med
-24.5,4.8,40.640317,22.935272,Middle_Late_Bronze_Age,Central_Med
-23.06,4.05,36.240491,36.382199,Middle_Late_Bronze_Age,Eastern_Med
-23.8,0.1,40.706147,22.541419,Middle_Late_Bronze_Age,Central_Med
-23.14,-0.3,38.6582027,23.1895369,Late_Neolithic,Eastern_Med
-22.0,2.4,40.706147,22.541419,Middle_Late_Bronze_Age,Central_Med
-23.9,3.5,40.706147,22.541419,Middle_Late_Bronze_Age,Central_Med
-23.9,-1.3,37.062972,22.420611,Late_Neolithic,Central_Med
-24.4,3.4,35.2994728,25.1616528,Early_Iron_Age,Eastern_Med
-22.8,3.3,41.8857261,12.7156425,Late_Iron_Age,Central_Med
-22.53,3.32,38.285047,26.702271,Chalcolithic,Eastern_Med
-22.9,4.6,41.8857261,12.7156425,Late_Iron_Age,Central_Med
-22.9,0.8,41.8857261,12.7156425,Late_Iron_Age,Central_Med
-23.95,-3.3,38.6582027,23.1895369,Late_Neolithic,Eastern_Med
-20.59,5.14,38.285047,26.702271,Chalcolithic,Eastern_Med
-23.45,-0.06,35.083333,38.916667,Other,Eastern_Med
-23.6,6.4,36.667179,41.058576,Early_Bronze_Age,Eastern_Med
-21.85,2.25,37.759269,-1.559711,Middle_Late_Bronze_Age,Western_Med
-24.3,1.4,40.640317,22.935272,Middle_Late_Bronze_Age,Central_Med
-24.0,-0.9,41.8857261,12.7156425,Late_Iron_Age,Central_Med
-22.1,3.1,41.496667,13.489629,Early_Bronze_Age,Central_Med
-23.72,5.38,37.759269,-1.559711,Middle_Late_Bronze_Age,Western_Med
-22.52,5.98,36.240491,36.382199,Middle_Late_Bronze_Age,Eastern_Med
-23.5,0.6,41.8857261,12.7156425,Late_Iron_Age,Central_Med
-21.5,0.3,41.8857261,12.7156425,Late_Iron_Age,Central_Med
-22.7,4.7,29.35,-9.43,Other,Western_Med
-23.6,7.1,36.667179,41.058576,Early_Bronze_Age,Eastern_Med
-23.3,4.1,41.8857261,12.7156425,Late_Iron_Age,Central_Med
-23.0,0.8,41.8857261,12.7156425,Late_Iron_Age,Central_Med
-24.63,1.1,34.735833,36.716667,Other,Eastern_Med
-23.06,5.29,35.2994728,25.1616528,Late_Neolithic,Eastern_Med
-24.0,4.8,40.706147,22.541419,Middle_Late_Bronze_Age,Central_Med
-23.5,4.0,34.990897,32.905029,Neolithic,Eastern_Med
-22.8,3.14,38.123229,27.147217,Chalcolithic,Eastern_Med
-24.8,2.3,41.8857261,12.7156425,Late_Iron_Age,Central_Med
-24.27,0.49,35.020619,33.243407,Other,Eastern_Med
-24.4,1.5,41.496667,13.489629,Early_Bronze_Age,Central_Med
-22.7,2.8,41.8857261,12.7156425,Late_Iron_Age,Central_Med
-24.01,8.2,37.759269,-1.559711,Middle_Late_Bronze_Age,Western_Med
-24.39,6.6,38.6582027,23.1895369,Late_Neolithic,Eastern_Med
-22.2,8.4,37.611667,14.226111,Middle_Late_Bronze_Age,Central_Med
-23.37,2.81,38.285047,26.702271,Chalcolithic,Eastern_Med
-23.9,5.7,36.667179,41.058576,Early_Bronze_Age,Eastern_Med
-10.7,7.7,40.640317,22.935272,Middle_Late_Bronze_Age,Central_Med
-23.8,3.4,40.706147,22.541419,Middle_Late_Bronze_Age,Central_Med
-24.2,1.4,41.8857261,12.7156425,Late_Iron_Age,Central_Med
-23.21,4.76,36.240491,36.382199,Middle_Late_Bronze_Age,Eastern_Med
-22.6,7.0,42.542984,-2.580537,Late_Iron_Age,Western_Med
-23.8,0.9,41.8857261,12.7156425,Late_Iron_Age,Central_Med
-23.8,4.7,36.667179,41.058576,Early_Bronze_Age,Eastern_Med
-22.8,1.9,40.706147,22.541419,Middle_Late_Bronze_Age,Central_Med
-24.3,1.7,41.8857261,12.7156425,Late_Iron_Age,Central_Med
-24.38,5.2,38.6582027,23.1895369,Late_Neolithic,Eastern_Med
-22.8,0.5,41.8857261,12.7156425,Late_Iron_Age,Central_Med
-22.9,2.3,41.8857261,12.7156425,Late_Iron_Age,Central_Med
-22.6,9.8,36.667179,41.058576,Early_Bronze_Age,Eastern_Med
-22.87,2.56,38.285047,26.702271,Chalcolithic,Eastern_Med
-23.72,1.81,35.2994728,25.1616528,Late_Neolithic,Eastern_Med
-23.4,2.9,41.496667,13.489629,Early_Bronze_Age,Central_Med
-23.91,3.12,38.285047,26.702271,Chalcolithic,Eastern_Med
-24.0,2.6,41.8857261,12.7156425,Late_Iron_Age,Central_Med
-10.5,4.8,40.706147,22.541419,Middle_Late_Bronze_Age,Central_Med
-23.9,0.9,41.8857261,12.7156425,Late_Iron_Age,Central_Med
-22.8,4.4,43.568097,3.903374,Late_Iron_Age,Western_Med
-22.5,4.3,41.8857261,12.7156425,Late_Iron_Age,Central_Med
-24.3,1.8,41.8857261,12.7156425,Late_Iron_Age,Central_Med
-23.9,8.4,41.8857261,12.7156425,Late_Iron_Age,Central_Med
-25.11,-3.5,38.6582027,23.1895369,Late_Neolithic,Eastern_Med
-23.56,2.37,38.285047,26.702271,Chalcolithic,Eastern_Med
-25.4,14.4,29.24,-9.19,Other,Western_Med
-23.0,2.6,40.640317,22.935272,Middle_Late_Bronze_Age,Central_Med
-24.25,1.35,36.240491,36.382199,Middle_Late_Bronze_Age,Eastern_Med
-26.3,14.0,29.24,-9.19,Other,Western_Med
0.64,0.08,35.29848,25.159555,Early_Iron_Age,Eastern_Med
-24.4,0.8,41.8857261,12.7156425,Late_Iron_Age,Central_Med
-23.53,6.34,37.15237,-1.894537,Middle_Late_Bronze_Age,Western_Med
-22.96,4.37,38.285047,26.702271,Chalcolithic,Eastern_Med
-23.4,2.4,41.8857261,12.7156425,Late_Iron_Age,Central_Med
-24.6,2.2,41.8857261,12.7156425,Late_Iron_Age,Central_Med
-23.9,0.2,41.8857261,12.7156425,Late_Iron_Age,Central_Med
-24.0,1.4,41.8857261,12.7156425,Late_Iron_Age,Central_Med
-26.08,-3.1,38.6582027,23.1895369,Late_Neolithic,Eastern_Med
-23.7,4.1,43.568079,3.903356,Late_Iron_Age,Western_Med
-25.0,4.1,42.542984,-2.580537,Late_Iron_Age,Western_Med
-23.43,4.8,35.2994728,25.1616528,Late_Neolithic,Eastern_Med
-22.77,1.28,38.285047,26.702271,Chalcolithic,Eastern_Med
-21.7,2.4,35.2994728,25.1616528,Early_Iron_Age,Eastern_Med
-23.3,1.5,40.706147,22.541419,Middle_Late_Bronze_Age,Central_Med
-23.04,4.58,35.798885,36.798413,Early_Bronze_Age,Eastern_Med
-23.32,2.55,37.759269,-1.559711,Middle_Late_Bronze_Age,Western_Med
-23.6,1.9,40.706147,22.541419,Middle_Late_Bronze_Age,Central_Med
-23.0,3.3,41.8857261,12.7156425,Late_Iron_Age,Central_Med
-22.81,4.64,38.285047,26.702271,Chalcolithic,Eastern_Med
-22.5,4.2,43.894131,5.114862,Late_Neolithic,Western_Med
-22.71,5.58,36.240491,36.382199,Middle_Late_Bronze_Age,Eastern_Med
-24.3,0.1,37.062972,22.420611,Late_Neolithic,Central_Med
-22.6,6.6,40.640317,22.935272,Middle_Late_Bronze_Age,Central_Med
-23.9,2.7,41.8857261,12.7156425,Late_Iron_Age,Central_Med
-21.74,4.58,37.15237,-1.894537,Middle_Late_Bronze_Age,Western_Med
-24.1,0.5,41.8857261,12.7156425,Late_Iron_Age,Central_Med
-23.9,4.6,40.640317,22.935272,Middle_Late_Bronze_Age,Central_Med
-24.89,0.25,34.98031,33.202905,Other,Eastern_Med
-23.1,3.1,41.8857261,12.7156425,Late_Iron_Age,Central_Med
-25.5,-0.6,41.8857261,12.7156425,Late_Iron_Age,Central_Med
-23.0,3.0,41.8857261,12.7156425,Late_Iron_Age,Central_Med
-24.1,4.8,40.640317,22.935272,Middle_Late_Bronze_Age,Central_Med
-27.6,14.0,29.24,-9.19,Other,Western_Med
-24.6,2.9,40.640317,22.935272,Middle_Late_Bronze_Age,Central_Med
-24.4,2.5,41.8857261,12.7156425,Late_Iron_Age,Central_Med
-23.5,0.07,35.580556,35.816667,Other,Eastern_Med
-21.9,2.9,41.8857261,12.7156425,Late_Iron_Age,Central_Med
-23.7,6.0,41.8857261,12.7156425,Late_Iron_Age,Central_Med
-23.35,0.6,38.6582027,23.1895369,Late_Neolithic,Eastern_Med
-25.2,7.2,40.640317,22.935272,Middle_Late_Bronze_Age,Central_Med
-23.2,4.9,43.568088,3.903365,Late_Iron_Age,Western_Med
-23.55,-0.29,35.033333,35.9,Other,Eastern_Med
-26.0,1.0,44.413343,9.162563,Chalcolithic,Western_Med
-21.8,5.6,37.759269,-1.559711,Middle_Late_Bronze_Age,Western_Med
-23.9,3.4,41.8857261,12.7156425,Late_Iron_Age,Central_Med
-22.85,3.84,38.285047,26.702271,Chalcolithic,Eastern_Med
-21.93,1.02,38.285047,26.702271,Chalcolithic,Eastern_Med
-23.8,3.6,40.706147,22.541419,Middle_Late_Bronze_Age,Central_Med
-26.3,15.4,29.24,-9.19,Other,Western_Med
0.64,0.08,35.29848,25.159555,Early_Iron_Age,Eastern_Med
-26.6,13.2,29.24,-9.19,Other,Western_Med
-24.9,6.5,40.640317,22.935272,Middle_Late_Bronze_Age,Central_Med
-23.01,6.79,37.759269,-1.559711,Middle_Late_Bronze_Age,Western_Med
-24.6,2.3,41.8857261,12.7156425,Late_Iron_Age,Central_Med
-23.4,7.6,43.568072,3.903349,Late_Iron_Age,Western_Med
-22.4,7.5,42.542984,-2.580537,Late_Iron_Age,Western_Med
-22.99,3.35,38.285047,26.702271,Chalcolithic,Eastern_Med
-22.3,1.2,41.8857261,12.7156425,Late_Iron_Age,Central_Med
-23.87,3.35,37.759269,-1.559711,Middle_Late_Bronze_Age,Western_Med
-22.1,5.6,42.542984,-2.580537,Late_Iron_Age,Western_Med
-23.6,2.8,40.706147,22.541419,Middle_Late_Bronze_Age,Central_Med
-23.9,5.7,40.640317,22.935272,Middle_Late_Bronze_Age,Central_Med
-23.8,7.9,41.8857261,12.7156425,Late_Iron_Age,Central_Med
-24.39,1.11,38.285047,26.702271,Chalcolithic,Eastern_Med
-23.1,0.6,41.8857261,12.7156425,Late_Iron_Age,Central_Med
-24.3,-0.4,37.062972,22.420611,Late_Neolithic,Central_Med
-23.47,0.45,38.285047,26.702271,Chalcolithic,Eastern_Med
-23.03,3.2,38.6582027,23.1895369,Late_Neolithic,Eastern_Med
-23.38,4.79,35.2994728,25.1616528,Late_Neolithic,Eastern_Med
-20.61,8.68,37.759269,-1.559711,Middle_Late_Bronze_Age,Western_Med
-21.17,5.75,37.759269,-1.559711,Middle_Late_Bronze_Age,Western_Med
-22.5,5.8,37.062972,22.420611,Late_Neolithic,Central_Med
-26.7,0.4,34.94,-5.58,Other,Western_Med
-22.9,2.9,41.8857261,12.7156425,Late_Iron_Age,Central_Med
-10.6,8.3,40.640317,22.935272,Middle_Late_Bronze_Age,Central_Med
-23.0,5.9,40.706147,22.541419,Middle_Late_Bronze_Age,Central_Med
-23.9,2.7,41.8857261,12.7156425,Late_Iron_Age,Central_Med
-25.06,5.26,35.2994728,25.1616528,Late_Neolithic,Eastern_Med
-24.4,3.0,38.6582027,23.1895369,Late_Neolithic,Eastern_Med
-23.0,3.0,41.8857261,12.7156425,Late_Iron_Age,Central_Med
-23.9,1.5,44.413343,9.162563,Chalcolithic,Western_Med
-24.7,-4.2,41.8857261,12.7156425,Late_Iron_Age,Central_Med
-30.1,-0.6,,,Other,unknown
-23.8,2.6,41.8857261,12.7156425,Late_Iron_Age,Central_Med
-24.1,2.8,41.8857261,12.7156425,Late_Iron_Age,Central_Med
-21.46,3.26,37.759269,-1.559711,Middle_Late_Bronze_Age,Western_Med
-23.76,4.24,35.2994728,25.1616528,Late_Neolithic,Eastern_Med
-22.6,1.4,40.706147,22.541419,Middle_Late_Bronze_Age,Central_Med
-24.7,4.9,40.640317,22.935272,Middle_Late_Bronze_Age,Central_Med
-22.4,0.95,38.285047,26.702271,Chalcolithic,Eastern_Med
-22.0,8.5,42.542984,-2.580537,Late_Iron_Age,Western_Med
-24.95,0.2,38.6582027,23.1895369,Late_Neolithic,Eastern_Med
-25.89,-3.1,38.6582027,23.1895369,Late_Neolithic,Eastern_Med
-25.6,-0.5,41.8857261,12.7156425,Late_Iron_Age,Central_Med
-26.7,-1.7,35.294444,36.791667,Other,Eastern_Med
-23.01,6.59,37.759269,-1.559711,Middle_Late_Bronze_Age,Western_Med
-23.0,1.6,41.8857261,12.7156425,Late_Iron_Age,Central_Med
-22.3,2.0,41.8857261,12.7156425,Late_Iron_Age,Central_Med
-23.0,2.2,41.496667,13.489629,Early_Bronze_Age,Central_Med
-22.6,2.1,40.706147,22.541419,Middle_Late_Bronze_Age,Central_Med
-23.0,4.5,41.8857261,12.7156425,Late_Iron_Age,Central_Med
-23.23,2.05,36.240491,36.382199,Middle_Late_Bronze_Age,Eastern_Med
-23.55,0.96,38.285047,26.702271,Chalcolithic,Eastern_Med
-20.93,0.94,38.285047,26.702271,Chalcolithic,Eastern_Med
-23.21,6.94,37.15237,-1.894537,Middle_Late_Bronze_Age,Western_Med
-23.2,4.6,36.667179,41.058576,Early_Bronze_Age,Eastern_Med
-22.3,1.1,40.706147,22.541419,Middle_Late_Bronze_Age,Central_Med
-22.21,4.77,37.759269,-1.559711,Middle_Late_Bronze_Age,Western_Med
-23.49,-2.5,38.6582027,23.1895369,Late_Neolithic,Eastern_Med
-22.51,0.05,38.285047,26.702271,Chalcolithic,Eastern_Med
-24.4,0.8,41.8857261,12.7156425,Late_Iron_Age,Central_Med
-23.4,10.6,29.38,-9.43,Other,Western_Med
-22.4,3.4,40.706147,22.541419,Middle_Late_Bronze_Age,Central_Med
-23.1,2.5,41.8857261,12.7156425,Late_Iron_Age,Central_Med
-23.41,-0.03,35.031944,35.913889,Other,Eastern_Med
-21.87,1.26,38.285047,26.702271,Chalcolithic,Eastern_Med
-23.53,0.54,38.285047,26.702271,Chalcolithic,Eastern_Med
-23.3,1.9,40.706147,22.541419,Middle_Late_Bronze_Age,Central_Med
-25.99,1.8,38.6582027,23.1895369,Late_Neolithic,Eastern_Med
-23.3,3.1,40.640317,22.935272,Middle_Late_Bronze_Age,Central_Med
-22.0,3.7,40.706147,22.541419,Middle_Late_Bronze_Age,Central_Med
-22.71,2.98,38.123229,27.147217,Chalcolithic,Eastern_Med
-24.6,4.5,40.640317,22.935272,Middle_Late_Bronze_Age,Central_Med
-24.8,-0.6,41.8857261,12.7156425,Late_Iron_Age,Central_Med
-23.9,1.3,41.496667,13.489629,Early_Bronze_Age,Central_Med
-24.2,4.2,41.8857261,12.7156425,Late_Iron_Age,Central_Med
-23.1,2.2,41.496667,13.489629,Early_Bronze_Age,Central_Med
-22.3,4.0,40.706147,22.541419,Middle_Late_Bronze_Age,Central_Med
-24.1,1.6,41.8857261,12.7156425,Late_Iron_Age,Central_Med
-22.6,4.79,37.759269,-1.559711,Middle_Late_Bronze_Age,Western_Med
-23.7,-0.6,41.8857261,12.7156425,Late_Iron_Age,Central_Med
-22.1,2.7,43.564007,6.232571,Other,Western_Med
-22.7,4.1,40.706147,22.541419,Middle_Late_Bronze_Age,Central_Med
-23.4,-0.2,41.8857261,12.7156425,Late_Iron_Age,Central_Med
-24.33,2.58,36.240491,36.382199,Middle_Late_Bronze_Age,Eastern_Med
-22.0,2.9,43.632983,3.897505,Chalcolithic,Western_Med
-23.71,4.71,36.240491,36.382199,Middle_Late_Bronze_Age,Eastern_Med
-22.6,0.7,40.706147,22.541419,Middle_Late_Bronze_Age,Central_Med
-23.35,6.9,35.2994728,25.1616528,Late_Neolithic,Eastern_Med
-23.1,4.9,43.38296,5.164636,Late_Neolithic,Western_Med
-10.3,4.9,40.706147,22.541419,Middle_Late_Bronze_Age,Central_Med
-25.4,1.5,41.8857261,12.7156425,Late_Iron_Age,Central_Med
-25.9,1.5,44.413343,9.162563,Chalcolithic,Western_Med
-23.7,4.6,40.640317,22.935272,Middle_Late_Bronze_Age,Central_Med
-24.32,2.77,35.2994728,25.1616528,Late_Neolithic,Eastern_Med
-23.12,2.52,38.285047,26.702271,Chalcolithic,Eastern_Med
-23.2,3.0,40.706147,22.541419,Middle_Late_Bronze_Age,Central_Med
-24.2,6.0,40.706147,22.541419,Middle_Late_Bronze_Age,Central_Med
-22.3,2.4,41.8857261,12.7156425,Late_Iron_Age,Central_Med
-25.64,1.6,40.418422,22.591694,Late_Neolithic,Central_Med
-25.3,0.8,41.8857261,12.7156425,Late_Iron_Age,Central_Med
-23.4,0.9,41.8857261,12.7156425,Late_Iron_Age,Central_Med
-23.2,3.1,41.496667,13.489629,Early_Bronze_Age,Central_Med
-23.84,5.6,38.6582027,23.1895369,Late_Neolithic,Eastern_Med
-24.7,2.5,38.6582027,23.1895369,Late_Neolithic,Eastern_Med
-23.91,3.28,38.123229,27.147217,Chalcolithic,Eastern_Med
-26.66,0.06,35.683333,35.833333,Other,Eastern_Med
-23.6,2.1,40.706147,22.541419,Middle_Late_Bronze_Age,Central_Med
-22.25,2.81,38.285047,26.702271,Chalcolithic,Eastern_Med
-23.87,0.24,38.285047,26.702271,Chalcolithic,Eastern_Med
-23.4,0.0,41.8857261,12.7156425,Late_Iron_Age,Central_Med
0.63,0.08,35.29848,25.159555,Early_Iron_Age,Eastern_Med
-20.08,1.09,38.285047,26.702271,Chalcolithic,Eastern_Med
-23.5,-0.6,41.8857261,12.7156425,Late_Iron_Age,Central_Med
-22.64,5.18,37.759269,-1.559711,Middle_Late_Bronze_Age,Western_Med
-22.0,0.4,38.6582027,23.1895369,Late_Neolithic,Eastern_Med
-23.3,2.4,43.56808,3.903357,Late_Iron_Age,Western_Med
-22.98,1.09,38.285047,26.702271,Chalcolithic,Eastern_Med
-24.11,3.31,35.2994728,25.1616528,Neolithic,Eastern_Med
-23.5,1.2,41.8857261,12.7156425,Late_Iron_Age,Central_Med
-23.96,-0.81,32.625,36.225,Other,Eastern_Med
-22.96,4.42,35.2994728,25.1616528,Late_Neolithic,Eastern_Med
-20.58,8.8,37.759269,-1.559711,Middle_Late_Bronze_Age,Western_Med
-22.9,-0.2,41.8857261,12.7156425,Late_Iron_Age,Central_Med
-25.1,1.4,41.496667,13.489629,Early_Bronze_Age,Central_Med
-24.0,3.1,41.8857261,12.7156425,Late_Iron_Age,Central_Med
-24.72,5.6,38.6582027,23.1895369,Late_Neolithic,Eastern_Med
-24.1,4.8,40.706147,22.541419,Middle_Late_Bronze_Age,Central_Med
-23.49,2.83,36.240491,36.382199,Middle_Late_Bronze_Age,Eastern_Med
-22.2,4.1,36.667179,41.058576,Early_Bronze_Age,Eastern_Med
-23.31,3.6,38.123229,27.147217,Chalcolithic,Eastern_Med
-23.78,0.09,34.601389,37.101944,Other,Eastern_Med
-23.2,4.7,43.568084,3.903361,Late_Iron_Age,Western_Med
-23.03,5.15,37.759269,-1.559711,Middle_Late_Bronze_Age,Western_Med
-22.36,5.85,37.759269,-1.559711,Middle_Late_Bronze_Age,Western_Med
-22.97,2.48,38.285047,26.702271,Chalcolithic,Eastern_Med
-22.9,2.5,41.8857261,12.7156425,Late_Iron_Age,Central_Med
-23.9,0.0,41.8857261,12.7156425,Late_Iron_Age,Central_Med
-24.05,4.6,38.6582027,23.1895369,Late_Neolithic,Eastern_Med
-22.75,-2.8,38.6582027,23.1895369,Late_Neolithic,Eastern_Med
-24.3,1.0,41.8857261,12.7156425,Late_Iron_Age,Central_Med
-23.3,4.5,36.667179,41.058576,Early_Bronze_Age,Eastern_Med
-22.8,3.6,41.8857261,12.7156425,Late_Iron_Age,Central_Med
-24.2,5.4,35.2994728,25.1616528,Early_Iron_Age,Eastern_Med
-22.64,4.89,35.798885,36.798413,Early_Bronze_Age,Eastern_Med
-23.61,6.89,36.240491,36.382199,Middle_Late_Bronze_Age,Eastern_Med
-21.5,3.07,37.759269,-1.559711,Middle_Late_Bronze_Age,Western_Med
-24.9,-0.3,40.706147,22.541419,Middle_Late_Bronze_Age,Central_Med
-22.8,5.17,35.798885,36.798413,Early_Bronze_Age,Eastern_Med
-25.1,7.5,40.640317,22.935272,Middle_Late_Bronze_Age,Central_Med
-22.6,3.18,35.026881,33.250078,Other,Eastern_Med
-23.8,3.7,40.706147,22.541419,Middle_Late_Bronze_Age,Central_Med
-23.06,3.5,38.123229,27.147217,Chalcolithic,Eastern_Med
-23.4,3.3,41.496667,13.489629,Early_Bronze_Age,Central_Med
-22.4,1.0,41.8857261,12.7156425,Late_Iron_Age,Central_Med
-23.38,6.93,37.759269,-1.559711,Middle_Late_Bronze_Age,Western_Med
-22.5,2.7,36.667179,41.058576,Early_Bronze_Age,Eastern_Med
-21.7,6.4,43.446908,5.685143,Chalcolithic,Western_Med
-23.85,0.74,34.979914,33.202758,Other,Eastern_Med
-22.8,0.1,34.990897,32.905029,Neolithic,Eastern_Med
-24.01,3.59,38.285047,26.702271,Chalcolithic,Eastern_Med
-23.5,5.8,40.706147,22.541419,Middle_Late_Bronze_Age,Central_Med
-22.82,3.11,38.285047,26.702271,Chalcolithic,Eastern_Med
-21.8,3.6,40.706147,22.541419,Middle_Late_Bronze_Age,Central_Med
-22.9,-1.3,37.062972,22.420611,Late_Neolithic,Central_Med
-21.48,2.54,37.15237,-1.894537,Middle_Late_Bronze_Age,Western_Med
-23.3,-0.3,41.8857261,12.7156425,Late_Iron_Age,Central_Med
-22.8,1.0,41.8857261,12.7156425,Late_Iron_Age,Central_Med
-21.52,6.68,37.759269,-1.559711,Middle_Late_Bronze_Age,Western_Med
-23.62,6.02,37.759269,-1.559711,Middle_Late_Bronze_Age,Western_Med
-25.4,1.6,44.413343,9.162563,Chalcolithic,Western_Med
-23.7,0.1,41.8857261,12.7156425,Late_Iron_Age,Central_Med
-21.3,0.5,41.8857261,12.7156425,Late_Iron_Age,Central_Med
-22.76,2.91,38.285047,26.702271,Chalcolithic,Eastern_Med
